# NetMHC version 4.0,,,,,,,,,,,,,
# Input is in FSA format,,,,,,,,,,,,,
# Peptide length 9,,,,,,,,,,,,,
# Rank Threshold for Strong binding peptides   0.500,,,,,,,,,,,,,
# Rank Threshold for Weak binding peptides   2.000,,,,,,,,,,,,,
-----------------------------------------------------------------------------------,,,,,,,,,,,,,
-----------------------------------------------------------------------------------,,,,,,,,,,,,,
pos,HLA,peptide,Core,Offset,I_pos,I_len,D_pos,D_len,iCore,Identity,1-log50k(aff),Affinity(nM),%Rank  BindLevel
0,HLA-A0201,FTCSRKMTG,FTCSRKMTG,0,0,0,0,0,FTCSRKMTG,Sequence,0.057,26967.88,40
1,HLA-A0201,TCSRKMTGK,TCSRKMTGK,0,0,0,0,0,TCSRKMTGK,Sequence,0.018,41005.98,90
2,HLA-A0201,CSRKMTGKS,CSRKMTGKS,0,0,0,0,0,CSRKMTGKS,Sequence,0.02,40108.64,85
3,HLA-A0201,SRKMTGKSI,SRKMTGKSI,0,0,0,0,0,SRKMTGKSI,Sequence,0.029,36365.03,70
4,HLA-A0201,RKMTGKSIQ,RKMTGKSIQ,0,0,0,0,0,RKMTGKSIQ,Sequence,0.01,44819.61,99
5,HLA-A0201,KMTGKSIQP,KMTGKSIQP,0,0,0,0,0,KMTGKSIQP,Sequence,0.084,20118.64,28
6,HLA-A0201,MTGKSIQPE,MTGKSIQPE,0,0,0,0,0,MTGKSIQPE,Sequence,0.042,31832.63,55
7,HLA-A0201,TGKSIQPEN,TGKSIQPEN,0,0,0,0,0,TGKSIQPEN,Sequence,0.01,44868.63,99
8,HLA-A0201,GKSIQPENL,GKSIQPENL,0,0,0,0,0,GKSIQPENL,Sequence,0.038,33080.9,55
9,HLA-A0201,KSIQPENLE,KSIQPENLE,0,0,0,0,0,KSIQPENLE,Sequence,0.019,40679.42,85
10,HLA-A0201,SIQPENLEY,SIQPENLEY,0,0,0,0,0,SIQPENLEY,Sequence,0.059,26302.77,38
11,HLA-A0201,IQPENLEYR,IQPENLEYR,0,0,0,0,0,IQPENLEYR,Sequence,0.079,21271.52,29
12,HLA-A0201,QPENLEYRI,QPENLEYRI,0,0,0,0,0,QPENLEYRI,Sequence,0.036,33961.09,60
13,HLA-A0201,PENLEYRIM,PENLEYRIM,0,0,0,0,0,PENLEYRIM,Sequence,0.027,37266.02,75
14,HLA-A0201,ENLEYRIML,ENLEYRIML,0,0,0,0,0,ENLEYRIML,Sequence,0.067,24204.15,34
15,HLA-A0201,NLEYRIMLS,NLEYRIMLS,0,0,0,0,0,NLEYRIMLS,Sequence,0.143,10671.37,16
16,HLA-A0201,LEYRIMLSV,LEYRIMLSV,0,0,0,0,0,LEYRIMLSV,Sequence,0.211,5105.04,10
17,HLA-A0201,EYRIMLSVH,EYRIMLSVH,0,0,0,0,0,EYRIMLSVH,Sequence,0.038,33153.29,60
18,HLA-A0201,YRIMLSVHG,YRIMLSVHG,0,0,0,0,0,YRIMLSVHG,Sequence,0.075,22108.03,31
19,HLA-A0201,RIMLSVHGS,RIMLSVHGS,0,0,0,0,0,RIMLSVHGS,Sequence,0.188,6515.14,12
20,HLA-A0201,IMLSVHGSQ,IMLSVHGSQ,0,0,0,0,0,IMLSVHGSQ,Sequence,0.085,19893.75,27
21,HLA-A0201,MLSVHGSQH,MLSVHGSQH,0,0,0,0,0,MLSVHGSQH,Sequence,0.053,28036.92,42
22,HLA-A0201,LSVHGSQHS,LSVHGSQHS,0,0,0,0,0,LSVHGSQHS,Sequence,0.028,36942.05,70
23,HLA-A0201,SVHGSQHSG,SVHGSQHSG,0,0,0,0,0,SVHGSQHSG,Sequence,0.032,35215.8,65
24,HLA-A0201,VHGSQHSGM,VHGSQHSGM,0,0,0,0,0,VHGSQHSGM,Sequence,0.019,40492.36,85
25,HLA-A0201,HGSQHSGMI,HGSQHSGMI,0,0,0,0,0,HGSQHSGMI,Sequence,0.028,37086.23,70
26,HLA-A0201,GSQHSGMIV,GSQHSGMIV,0,0,0,0,0,GSQHSGMIV,Sequence,0.086,19703.73,27
27,HLA-A0201,SQHSGMIVN,SQHSGMIVN,0,0,0,0,0,SQHSGMIVN,Sequence,0.051,28851.5,44
28,HLA-A0201,QHSGMIVND,QHSGMIVND,0,0,0,0,0,QHSGMIVND,Sequence,0.026,37800.44,75
29,HLA-A0201,HSGMIVNDE,HSGMIVNDE,0,0,0,0,0,HSGMIVNDE,Sequence,0.038,33303.2,60
30,HLA-A0201,SGMIVNDEN,SGMIVNDEN,0,0,0,0,0,SGMIVNDEN,Sequence,0.027,37310,75
31,HLA-A0201,GMIVNDENR,GMIVNDENR,0,0,0,0,0,GMIVNDENR,Sequence,0.047,30013.05,47
32,HLA-A0201,MIVNDENRA,MIVNDENRA,0,0,0,0,0,MIVNDENRA,Sequence,0.157,9184.09,14
33,HLA-A0201,IVNDENRAK,IVNDENRAK,0,0,0,0,0,IVNDENRAK,Sequence,0.022,39572.4,80
34,HLA-A0201,VNDENRAKV,VNDENRAKV,0,0,0,0,0,VNDENRAKV,Sequence,0.048,29843.05,46
35,HLA-A0201,NDENRAKVE,NDENRAKVE,0,0,0,0,0,NDENRAKVE,Sequence,0.012,44083.29,99
36,HLA-A0201,DENRAKVEV,DENRAKVEV,0,0,0,0,0,DENRAKVEV,Sequence,0.021,39990.76,85
37,HLA-A0201,ENRAKVEVT,ENRAKVEVT,0,0,0,0,0,ENRAKVEVT,Sequence,0.023,39041.21,80
38,HLA-A0201,NRAKVEVTP,NRAKVEVTP,0,0,0,0,0,NRAKVEVTP,Sequence,0.025,38187.68,75
39,HLA-A0201,RAKVEVTPN,RAKVEVTPN,0,0,0,0,0,RAKVEVTPN,Sequence,0.025,37955.78,75
40,HLA-A0201,AKVEVTPNS,AKVEVTPNS,0,0,0,0,0,AKVEVTPNS,Sequence,0.032,35517.33,65
41,HLA-A0201,KVEVTPNSP,KVEVTPNSP,0,0,0,0,0,KVEVTPNSP,Sequence,0.034,34730.3,65
42,HLA-A0201,VEVTPNSPR,VEVTPNSPR,0,0,0,0,0,VEVTPNSPR,Sequence,0.014,42892.92,95
43,HLA-A0201,EVTPNSPRA,EVTPNSPRA,0,0,0,0,0,EVTPNSPRA,Sequence,0.04,32527.92,55
44,HLA-A0201,VTPNSPRAE,VTPNSPRAE,0,0,0,0,0,VTPNSPRAE,Sequence,0.017,41718.88,90
45,HLA-A0201,TPNSPRAEA,TPNSPRAEA,0,0,0,0,0,TPNSPRAEA,Sequence,0.021,39910.81,85
46,HLA-A0201,PNSPRAEAT,PNSPRAEAT,0,0,0,0,0,PNSPRAEAT,Sequence,0.013,43233.04,95
47,HLA-A0201,NSPRAEATL,NSPRAEATL,0,0,0,0,0,NSPRAEATL,Sequence,0.046,30408.57,48
48,HLA-A0201,SPRAEATLG,SPRAEATLG,0,0,0,0,0,SPRAEATLG,Sequence,0.021,39647.84,85
49,HLA-A0201,PRAEATLGG,PRAEATLGG,0,0,0,0,0,PRAEATLGG,Sequence,0.017,41645.82,90
50,HLA-A0201,RAEATLGGF,RAEATLGGF,0,0,0,0,0,RAEATLGGF,Sequence,0.055,27628.57,41
51,HLA-A0201,AEATLGGFG,AEATLGGFG,0,0,0,0,0,AEATLGGFG,Sequence,0.022,39410.04,80
52,HLA-A0201,EATLGGFGS,EATLGGFGS,0,0,0,0,0,EATLGGFGS,Sequence,0.029,36430.02,70
53,HLA-A0201,ATLGGFGSL,ATLGGFGSL,0,0,0,0,0,ATLGGFGSL,Sequence,0.275,2539.02,6.5
54,HLA-A0201,TLGGFGSLG,TLGGFGSLG,0,0,0,0,0,TLGGFGSLG,Sequence,0.103,16349.36,23
55,HLA-A0201,LGGFGSLGL,LGGFGSLGL,0,0,0,0,0,LGGFGSLGL,Sequence,0.086,19729.97,27
56,HLA-A0201,GGFGSLGLD,GGFGSLGLD,0,0,0,0,0,GGFGSLGLD,Sequence,0.032,35548.08,65
57,HLA-A0201,GFGSLGLDC,GFGSLGLDC,0,0,0,0,0,GFGSLGLDC,Sequence,0.044,31227.12,50
58,HLA-A0201,FGSLGLDCE,FGSLGLDCE,0,0,0,0,0,FGSLGLDCE,Sequence,0.044,31091.59,50
59,HLA-A0201,GSLGLDCEP,GSLGLDCEP,0,0,0,0,0,GSLGLDCEP,Sequence,0.037,33659.67,60
60,HLA-A0201,SLGLDCEPR,SLGLDCEPR,0,0,0,0,0,SLGLDCEPR,Sequence,0.103,16440.71,23
61,HLA-A0201,LGLDCEPRT,LGLDCEPRT,0,0,0,0,0,LGLDCEPRT,Sequence,0.046,30491.27,48
62,HLA-A0201,GLDCEPRTG,GLDCEPRTG,0,0,0,0,0,GLDCEPRTG,Sequence,0.068,23969.61,34
63,HLA-A0201,LDCEPRTGL,LDCEPRTGL,0,0,0,0,0,LDCEPRTGL,Sequence,0.037,33608.72,60
64,HLA-A0201,DCEPRTGLD,DCEPRTGLD,0,0,0,0,0,DCEPRTGLD,Sequence,0.012,43719.92,95
65,HLA-A0201,CEPRTGLDF,CEPRTGLDF,0,0,0,0,0,CEPRTGLDF,Sequence,0.038,33304.64,60
66,HLA-A0201,EPRTGLDFS,EPRTGLDFS,0,0,0,0,0,EPRTGLDFS,Sequence,0.024,38449.73,80
67,HLA-A0201,PRTGLDFSD,PRTGLDFSD,0,0,0,0,0,PRTGLDFSD,Sequence,0.013,43654.67,95
68,HLA-A0201,RTGLDFSDL,RTGLDFSDL,0,0,0,0,0,RTGLDFSDL,Sequence,0.098,17334.55,24
69,HLA-A0201,TGLDFSDLY,TGLDFSDLY,0,0,0,0,0,TGLDFSDLY,Sequence,0.046,30457.62,48
70,HLA-A0201,GLDFSDLYY,GLDFSDLYY,0,0,0,0,0,GLDFSDLYY,Sequence,0.158,9089.09,14
71,HLA-A0201,LDFSDLYYL,LDFSDLYYL,0,0,0,0,0,LDFSDLYYL,Sequence,0.302,1909.67,6
72,HLA-A0201,DFSDLYYLT,DFSDLYYLT,0,0,0,0,0,DFSDLYYLT,Sequence,0.044,31048.22,49
73,HLA-A0201,FSDLYYLTM,FSDLYYLTM,0,0,0,0,0,FSDLYYLTM,Sequence,0.286,2273.08,6.5
74,HLA-A0201,SDLYYLTMN,SDLYYLTMN,0,0,0,0,0,SDLYYLTMN,Sequence,0.039,32864.35,55
75,HLA-A0201,DLYYLTMNN,DLYYLTMNN,0,0,0,0,0,DLYYLTMNN,Sequence,0.077,21777.79,30
76,HLA-A0201,LYYLTMNNK,LYYLTMNNK,0,0,0,0,0,LYYLTMNNK,Sequence,0.058,26712.03,39
77,HLA-A0201,YYLTMNNKH,YYLTMNNKH,0,0,0,0,0,YYLTMNNKH,Sequence,0.021,39960.05,85
78,HLA-A0201,YLTMNNKHW,YLTMNNKHW,0,0,0,0,0,YLTMNNKHW,Sequence,0.092,18561.97,25
79,HLA-A0201,LTMNNKHWL,LTMNNKHWL,0,0,0,0,0,LTMNNKHWL,Sequence,0.271,2666.8,7
80,HLA-A0201,TMNNKHWLV,TMNNKHWLV,0,0,0,0,0,TMNNKHWLV,Sequence,0.701,25.36,0.40 <= SB
81,HLA-A0201,MNNKHWLVH,MNNKHWLVH,0,0,0,0,0,MNNKHWLVH,Sequence,0.033,35087.99,65
82,HLA-A0201,NNKHWLVHK,NNKHWLVHK,0,0,0,0,0,NNKHWLVHK,Sequence,0.032,35259.64,65
83,HLA-A0201,NKHWLVHKE,NKHWLVHKE,0,0,0,0,0,NKHWLVHKE,Sequence,0.027,37506.71,75
84,HLA-A0201,KHWLVHKEW,KHWLVHKEW,0,0,0,0,0,KHWLVHKEW,Sequence,0.052,28418.99,43
85,HLA-A0201,HWLVHKEWF,HWLVHKEWF,0,0,0,0,0,HWLVHKEWF,Sequence,0.043,31513.92,55
86,HLA-A0201,WLVHKEWFH,WLVHKEWFH,0,0,0,0,0,WLVHKEWFH,Sequence,0.121,13513.58,19
87,HLA-A0201,LVHKEWFHD,LVHKEWFHD,0,0,0,0,0,LVHKEWFHD,Sequence,0.043,31479.17,55
88,HLA-A0201,VHKEWFHDI,VHKEWFHDI,0,0,0,0,0,VHKEWFHDI,Sequence,0.049,29571.77,46
89,HLA-A0201,HKEWFHDIP,HKEWFHDIP,0,0,0,0,0,HKEWFHDIP,Sequence,0.023,39176.63,80
90,HLA-A0201,KEWFHDIPL,KEWFHDIPL,0,0,0,0,0,KEWFHDIPL,Sequence,0.204,5503.67,10
91,HLA-A0201,EWFHDIPLP,EWFHDIPLP,0,0,0,0,0,EWFHDIPLP,Sequence,0.03,36088.69,70
92,HLA-A0201,WFHDIPLPW,WFHDIPLPW,0,0,0,0,0,WFHDIPLPW,Sequence,0.073,22617.58,31
93,HLA-A0201,FHDIPLPWH,FHDIPLPWH,0,0,0,0,0,FHDIPLPWH,Sequence,0.044,30978.76,49
94,HLA-A0201,HDIPLPWHA,HDIPLPWHA,0,0,0,0,0,HDIPLPWHA,Sequence,0.091,18777.52,26
95,HLA-A0201,DIPLPWHAG,DIPLPWHAG,0,0,0,0,0,DIPLPWHAG,Sequence,0.032,35215.03,65
96,HLA-A0201,IPLPWHAGA,IPLPWHAGA,0,0,0,0,0,IPLPWHAGA,Sequence,0.079,21314.83,29
97,HLA-A0201,PLPWHAGAD,PLPWHAGAD,0,0,0,0,0,PLPWHAGAD,Sequence,0.019,40841.27,85
98,HLA-A0201,LPWHAGADT,LPWHAGADT,0,0,0,0,0,LPWHAGADT,Sequence,0.037,33491.12,60
99,HLA-A0201,PWHAGADTG,PWHAGADTG,0,0,0,0,0,PWHAGADTG,Sequence,0.015,42630.11,95
100,HLA-A0201,WHAGADTGT,WHAGADTGT,0,0,0,0,0,WHAGADTGT,Sequence,0.021,39722.11,85
101,HLA-A0201,HAGADTGTP,HAGADTGTP,0,0,0,0,0,HAGADTGTP,Sequence,0.018,41188.75,90
102,HLA-A0201,AGADTGTPH,AGADTGTPH,0,0,0,0,0,AGADTGTPH,Sequence,0.019,40692.62,85
103,HLA-A0201,GADTGTPHW,GADTGTPHW,0,0,0,0,0,GADTGTPHW,Sequence,0.043,31478.15,55
104,HLA-A0201,ADTGTPHWN,ADTGTPHWN,0,0,0,0,0,ADTGTPHWN,Sequence,0.013,43216.68,95
105,HLA-A0201,DTGTPHWNN,DTGTPHWNN,0,0,0,0,0,DTGTPHWNN,Sequence,0.014,42749.76,95
106,HLA-A0201,TGTPHWNNK,TGTPHWNNK,0,0,0,0,0,TGTPHWNNK,Sequence,0.015,42668.43,95
107,HLA-A0201,GTPHWNNKE,GTPHWNNKE,0,0,0,0,0,GTPHWNNKE,Sequence,0.016,41952.91,90
108,HLA-A0201,TPHWNNKEA,TPHWNNKEA,0,0,0,0,0,TPHWNNKEA,Sequence,0.016,41862.23,90
109,HLA-A0201,PHWNNKEAL,PHWNNKEAL,0,0,0,0,0,PHWNNKEAL,Sequence,0.022,39351.22,80
110,HLA-A0201,HWNNKEALV,HWNNKEALV,0,0,0,0,0,HWNNKEALV,Sequence,0.07,23464.86,33
111,HLA-A0201,WNNKEALVE,WNNKEALVE,0,0,0,0,0,WNNKEALVE,Sequence,0.022,39341.86,80
112,HLA-A0201,NNKEALVEF,NNKEALVEF,0,0,0,0,0,NNKEALVEF,Sequence,0.042,31857.09,55
113,HLA-A0201,NKEALVEFK,NKEALVEFK,0,0,0,0,0,NKEALVEFK,Sequence,0.039,32747.22,55
114,HLA-A0201,KEALVEFKD,KEALVEFKD,0,0,0,0,0,KEALVEFKD,Sequence,0.028,36862.61,70
115,HLA-A0201,EALVEFKDA,EALVEFKDA,0,0,0,0,0,EALVEFKDA,Sequence,0.036,33847.39,60
116,HLA-A0201,ALVEFKDAH,ALVEFKDAH,0,0,0,0,0,ALVEFKDAH,Sequence,0.075,22222.43,31
117,HLA-A0201,LVEFKDAHA,LVEFKDAHA,0,0,0,0,0,LVEFKDAHA,Sequence,0.084,20087.76,28
118,HLA-A0201,VEFKDAHAK,VEFKDAHAK,0,0,0,0,0,VEFKDAHAK,Sequence,0.026,37560.72,75
119,HLA-A0201,EFKDAHAKR,EFKDAHAKR,0,0,0,0,0,EFKDAHAKR,Sequence,0.014,43178.34,95
120,HLA-A0201,FKDAHAKRQ,FKDAHAKRQ,0,0,0,0,0,FKDAHAKRQ,Sequence,0.02,40468.7,85
121,HLA-A0201,KDAHAKRQT,KDAHAKRQT,0,0,0,0,0,KDAHAKRQT,Sequence,0.009,45210.21,99
122,HLA-A0201,DAHAKRQTV,DAHAKRQTV,0,0,0,0,0,DAHAKRQTV,Sequence,0.031,35737.44,65
123,HLA-A0201,AHAKRQTVV,AHAKRQTVV,0,0,0,0,0,AHAKRQTVV,Sequence,0.031,35866.04,65
124,HLA-A0201,HAKRQTVVV,HAKRQTVVV,0,0,0,0,0,HAKRQTVVV,Sequence,0.052,28592.62,43
125,HLA-A0201,AKRQTVVVL,AKRQTVVVL,0,0,0,0,0,AKRQTVVVL,Sequence,0.074,22518.2,31
126,HLA-A0201,KRQTVVVLG,KRQTVVVLG,0,0,0,0,0,KRQTVVVLG,Sequence,0.055,27710.89,41
127,HLA-A0201,RQTVVVLGS,RQTVVVLGS,0,0,0,0,0,RQTVVVLGS,Sequence,0.113,14800.61,21
128,HLA-A0201,QTVVVLGSQ,QTVVVLGSQ,0,0,0,0,0,QTVVVLGSQ,Sequence,0.067,24293.62,34
129,HLA-A0201,TVVVLGSQE,TVVVLGSQE,0,0,0,0,0,TVVVLGSQE,Sequence,0.031,35687.58,65
130,HLA-A0201,VVVLGSQEG,VVVLGSQEG,0,0,0,0,0,VVVLGSQEG,Sequence,0.042,31817.83,55
131,HLA-A0201,VVLGSQEGA,VVLGSQEGA,0,0,0,0,0,VVLGSQEGA,Sequence,0.161,8803.76,14
132,HLA-A0201,VLGSQEGAV,VLGSQEGAV,0,0,0,0,0,VLGSQEGAV,Sequence,0.263,2905.66,7
133,HLA-A0201,LGSQEGAVH,LGSQEGAVH,0,0,0,0,0,LGSQEGAVH,Sequence,0.021,39785.33,85
134,HLA-A0201,GSQEGAVHT,GSQEGAVHT,0,0,0,0,0,GSQEGAVHT,Sequence,0.059,26546.94,39
135,HLA-A0201,SQEGAVHTA,SQEGAVHTA,0,0,0,0,0,SQEGAVHTA,Sequence,0.167,8223.11,13
136,HLA-A0201,QEGAVHTAL,QEGAVHTAL,0,0,0,0,0,QEGAVHTAL,Sequence,0.051,28742.76,44
137,HLA-A0201,EGAVHTALA,EGAVHTALA,0,0,0,0,0,EGAVHTALA,Sequence,0.034,34730.68,65
138,HLA-A0201,GAVHTALAG,GAVHTALAG,0,0,0,0,0,GAVHTALAG,Sequence,0.044,30994.85,49
139,HLA-A0201,AVHTALAGA,AVHTALAGA,0,0,0,0,0,AVHTALAGA,Sequence,0.226,4312.73,9
140,HLA-A0201,VHTALAGAL,VHTALAGAL,0,0,0,0,0,VHTALAGAL,Sequence,0.047,30189.9,47
141,HLA-A0201,HTALAGALE,HTALAGALE,0,0,0,0,0,HTALAGALE,Sequence,0.037,33498.73,60
142,HLA-A0201,TALAGALEA,TALAGALEA,0,0,0,0,0,TALAGALEA,Sequence,0.182,6966.21,12
143,HLA-A0201,ALAGALEAE,ALAGALEAE,0,0,0,0,0,ALAGALEAE,Sequence,0.12,13716.43,19
144,HLA-A0201,LAGALEAEM,LAGALEAEM,0,0,0,0,0,LAGALEAEM,Sequence,0.12,13704.71,19
145,HLA-A0201,AGALEAEMD,AGALEAEMD,0,0,0,0,0,AGALEAEMD,Sequence,0.022,39220.74,80
146,HLA-A0201,GALEAEMDG,GALEAEMDG,0,0,0,0,0,GALEAEMDG,Sequence,0.033,34908.89,65
147,HLA-A0201,ALEAEMDGA,ALEAEMDGA,0,0,0,0,0,ALEAEMDGA,Sequence,0.247,3450.54,8
148,HLA-A0201,LEAEMDGAK,LEAEMDGAK,0,0,0,0,0,LEAEMDGAK,Sequence,0.019,40853.65,90
149,HLA-A0201,EAEMDGAKG,EAEMDGAKG,0,0,0,0,0,EAEMDGAKG,Sequence,0.016,41871.28,90
150,HLA-A0201,AEMDGAKGR,AEMDGAKGR,0,0,0,0,0,AEMDGAKGR,Sequence,0.017,41518.49,90
151,HLA-A0201,EMDGAKGRL,EMDGAKGRL,0,0,0,0,0,EMDGAKGRL,Sequence,0.075,22236.38,31
152,HLA-A0201,MDGAKGRLS,MDGAKGRLS,0,0,0,0,0,MDGAKGRLS,Sequence,0.019,40923.98,90
153,HLA-A0201,DGAKGRLSS,DGAKGRLSS,0,0,0,0,0,DGAKGRLSS,Sequence,0.013,43638.62,95
154,HLA-A0201,GAKGRLSSG,GAKGRLSSG,0,0,0,0,0,GAKGRLSSG,Sequence,0.022,39281.9,80
155,HLA-A0201,AKGRLSSGH,AKGRLSSGH,0,0,0,0,0,AKGRLSSGH,Sequence,0.016,41878.54,90
156,HLA-A0201,KGRLSSGHL,KGRLSSGHL,0,0,0,0,0,KGRLSSGHL,Sequence,0.042,31641.71,55
157,HLA-A0201,GRLSSGHLK,GRLSSGHLK,0,0,0,0,0,GRLSSGHLK,Sequence,0.018,41095.7,90
158,HLA-A0201,RLSSGHLKC,RLSSGHLKC,0,0,0,0,0,RLSSGHLKC,Sequence,0.131,12080.1,18
159,HLA-A0201,LSSGHLKCR,LSSGHLKCR,0,0,0,0,0,LSSGHLKCR,Sequence,0.028,37033.7,70
160,HLA-A0201,SSGHLKCRL,SSGHLKCRL,0,0,0,0,0,SSGHLKCRL,Sequence,0.06,26136.54,38
161,HLA-A0201,SGHLKCRLK,SGHLKCRLK,0,0,0,0,0,SGHLKCRLK,Sequence,0.041,31945.12,55
162,HLA-A0201,GHLKCRLKM,GHLKCRLKM,0,0,0,0,0,GHLKCRLKM,Sequence,0.042,31633.49,55
163,HLA-A0201,HLKCRLKMD,HLKCRLKMD,0,0,0,0,0,HLKCRLKMD,Sequence,0.042,31771.74,55
164,HLA-A0201,LKCRLKMDK,LKCRLKMDK,0,0,0,0,0,LKCRLKMDK,Sequence,0.02,40124.27,85
165,HLA-A0201,KCRLKMDKL,KCRLKMDKL,0,0,0,0,0,KCRLKMDKL,Sequence,0.056,27198.78,40
166,HLA-A0201,CRLKMDKLR,CRLKMDKLR,0,0,0,0,0,CRLKMDKLR,Sequence,0.023,39115.21,80
167,HLA-A0201,RLKMDKLRL,RLKMDKLRL,0,0,0,0,0,RLKMDKLRL,Sequence,0.163,8555.84,14
168,HLA-A0201,LKMDKLRLE,LKMDKLRLE,0,0,0,0,0,LKMDKLRLE,Sequence,0.027,37209.63,70
169,HLA-A0201,KMDKLRLEG,KMDKLRLEG,0,0,0,0,0,KMDKLRLEG,Sequence,0.124,13107.77,19
170,HLA-A0201,MDKLRLEGV,MDKLRLEGV,0,0,0,0,0,MDKLRLEGV,Sequence,0.08,20947.65,29
171,HLA-A0201,DKLRLEGVS,DKLRLEGVS,0,0,0,0,0,DKLRLEGVS,Sequence,0.01,44643.44,99
172,HLA-A0201,KLRLEGVSY,KLRLEGVSY,0,0,0,0,0,KLRLEGVSY,Sequence,0.086,19821.76,27
173,HLA-A0201,LRLEGVSYS,LRLEGVSYS,0,0,0,0,0,LRLEGVSYS,Sequence,0.051,28919.32,44
174,HLA-A0201,RLEGVSYSL,RLEGVSYSL,0,0,0,0,0,RLEGVSYSL,Sequence,0.587,87.38,1.00 <= WB
175,HLA-A0201,LEGVSYSLC,LEGVSYSLC,0,0,0,0,0,LEGVSYSLC,Sequence,0.037,33394.5,60
176,HLA-A0201,EGVSYSLCT,EGVSYSLCT,0,0,0,0,0,EGVSYSLCT,Sequence,0.027,37209.22,70
177,HLA-A0201,GVSYSLCTA,GVSYSLCTA,0,0,0,0,0,GVSYSLCTA,Sequence,0.241,3682.18,8
178,HLA-A0201,VSYSLCTAA,VSYSLCTAA,0,0,0,0,0,VSYSLCTAA,Sequence,0.191,6297.92,11
179,HLA-A0201,SYSLCTAAF,SYSLCTAAF,0,0,0,0,0,SYSLCTAAF,Sequence,0.083,20402.3,28
180,HLA-A0201,YSLCTAAFT,YSLCTAAFT,0,0,0,0,0,YSLCTAAFT,Sequence,0.238,3820.98,8.5
181,HLA-A0201,SLCTAAFTF,SLCTAAFTF,0,0,0,0,0,SLCTAAFTF,Sequence,0.269,2732.34,7
182,HLA-A0201,LCTAAFTFT,LCTAAFTFT,0,0,0,0,0,LCTAAFTFT,Sequence,0.088,19252.11,26
183,HLA-A0201,CTAAFTFTK,CTAAFTFTK,0,0,0,0,0,CTAAFTFTK,Sequence,0.099,17039.81,23
184,HLA-A0201,TAAFTFTKV,TAAFTFTKV,0,0,0,0,0,TAAFTFTKV,Sequence,0.193,6211.37,11
185,HLA-A0201,AAFTFTKVP,AAFTFTKVP,0,0,0,0,0,AAFTFTKVP,Sequence,0.052,28455.59,43
186,HLA-A0201,AFTFTKVPA,AFTFTKVPA,0,0,0,0,0,AFTFTKVPA,Sequence,0.064,25148.13,36
187,HLA-A0201,FTFTKVPAE,FTFTKVPAE,0,0,0,0,0,FTFTKVPAE,Sequence,0.103,16477.76,23
188,HLA-A0201,TFTKVPAET,TFTKVPAET,0,0,0,0,0,TFTKVPAET,Sequence,0.04,32579,55
189,HLA-A0201,FTKVPAETL,FTKVPAETL,0,0,0,0,0,FTKVPAETL,Sequence,0.118,13954.44,20
190,HLA-A0201,TKVPAETLH,TKVPAETLH,0,0,0,0,0,TKVPAETLH,Sequence,0.015,42685.96,95
191,HLA-A0201,KVPAETLHG,KVPAETLHG,0,0,0,0,0,KVPAETLHG,Sequence,0.052,28344.37,43
192,HLA-A0201,VPAETLHGT,VPAETLHGT,0,0,0,0,0,VPAETLHGT,Sequence,0.052,28637.21,43
193,HLA-A0201,PAETLHGTV,PAETLHGTV,0,0,0,0,0,PAETLHGTV,Sequence,0.029,36431.2,70
194,HLA-A0201,AETLHGTVT,AETLHGTVT,0,0,0,0,0,AETLHGTVT,Sequence,0.021,39722.98,85
195,HLA-A0201,ETLHGTVTV,ETLHGTVTV,0,0,0,0,0,ETLHGTVTV,Sequence,0.215,4866.7,9.5
196,HLA-A0201,TLHGTVTVE,TLHGTVTVE,0,0,0,0,0,TLHGTVTVE,Sequence,0.078,21439.03,30
197,HLA-A0201,LHGTVTVEV,LHGTVTVEV,0,0,0,0,0,LHGTVTVEV,Sequence,0.108,15623.36,22
198,HLA-A0201,HGTVTVEVQ,HGTVTVEVQ,0,0,0,0,0,HGTVTVEVQ,Sequence,0.035,34179.34,60
199,HLA-A0201,GTVTVEVQY,GTVTVEVQY,0,0,0,0,0,GTVTVEVQY,Sequence,0.063,25263.75,36
200,HLA-A0201,TVTVEVQYA,TVTVEVQYA,0,0,0,0,0,TVTVEVQYA,Sequence,0.142,10710.35,16
201,HLA-A0201,VTVEVQYAG,VTVEVQYAG,0,0,0,0,0,VTVEVQYAG,Sequence,0.098,17290.91,24
202,HLA-A0201,TVEVQYAGT,TVEVQYAGT,0,0,0,0,0,TVEVQYAGT,Sequence,0.041,32235.37,55
203,HLA-A0201,VEVQYAGTD,VEVQYAGTD,0,0,0,0,0,VEVQYAGTD,Sequence,0.017,41818.77,90
204,HLA-A0201,EVQYAGTDG,EVQYAGTDG,0,0,0,0,0,EVQYAGTDG,Sequence,0.015,42591.39,95
205,HLA-A0201,VQYAGTDGP,VQYAGTDGP,0,0,0,0,0,VQYAGTDGP,Sequence,0.057,26926.48,39
206,HLA-A0201,QYAGTDGPC,QYAGTDGPC,0,0,0,0,0,QYAGTDGPC,Sequence,0.019,40708.48,85
207,HLA-A0201,YAGTDGPCK,YAGTDGPCK,0,0,0,0,0,YAGTDGPCK,Sequence,0.022,39482.16,80
208,HLA-A0201,AGTDGPCKV,AGTDGPCKV,0,0,0,0,0,AGTDGPCKV,Sequence,0.077,21798.54,30
209,HLA-A0201,GTDGPCKVP,GTDGPCKVP,0,0,0,0,0,GTDGPCKVP,Sequence,0.028,37083.81,70
210,HLA-A0201,TDGPCKVPA,TDGPCKVPA,0,0,0,0,0,TDGPCKVPA,Sequence,0.036,34018.86,60
211,HLA-A0201,DGPCKVPAQ,DGPCKVPAQ,0,0,0,0,0,DGPCKVPAQ,Sequence,0.018,41033.5,90
212,HLA-A0201,GPCKVPAQM,GPCKVPAQM,0,0,0,0,0,GPCKVPAQM,Sequence,0.053,28315.24,43
213,HLA-A0201,PCKVPAQMA,PCKVPAQMA,0,0,0,0,0,PCKVPAQMA,Sequence,0.024,38673.77,80
214,HLA-A0201,CKVPAQMAV,CKVPAQMAV,0,0,0,0,0,CKVPAQMAV,Sequence,0.083,20446.27,28
215,HLA-A0201,KVPAQMAVD,KVPAQMAVD,0,0,0,0,0,KVPAQMAVD,Sequence,0.025,37960.7,75
216,HLA-A0201,VPAQMAVDM,VPAQMAVDM,0,0,0,0,0,VPAQMAVDM,Sequence,0.052,28606.25,43
217,HLA-A0201,PAQMAVDMQ,PAQMAVDMQ,0,0,0,0,0,PAQMAVDMQ,Sequence,0.029,36402.83,70
218,HLA-A0201,AQMAVDMQT,AQMAVDMQT,0,0,0,0,0,AQMAVDMQT,Sequence,0.337,1307.56,5
219,HLA-A0201,QMAVDMQTL,QMAVDMQTL,0,0,0,0,0,QMAVDMQTL,Sequence,0.431,473.28,3
220,HLA-A0201,MAVDMQTLT,MAVDMQTLT,0,0,0,0,0,MAVDMQTLT,Sequence,0.132,11962.13,17
221,HLA-A0201,AVDMQTLTP,AVDMQTLTP,0,0,0,0,0,AVDMQTLTP,Sequence,0.064,25103.53,36
222,HLA-A0201,VDMQTLTPV,VDMQTLTPV,0,0,0,0,0,VDMQTLTPV,Sequence,0.238,3824.37,8.5
223,HLA-A0201,DMQTLTPVG,DMQTLTPVG,0,0,0,0,0,DMQTLTPVG,Sequence,0.038,33048.7,55
224,HLA-A0201,MQTLTPVGR,MQTLTPVGR,0,0,0,0,0,MQTLTPVGR,Sequence,0.063,25293.29,36
225,HLA-A0201,QTLTPVGRL,QTLTPVGRL,0,0,0,0,0,QTLTPVGRL,Sequence,0.086,19746.62,27
226,HLA-A0201,TLTPVGRLI,TLTPVGRLI,0,0,0,0,0,TLTPVGRLI,Sequence,0.236,3877.67,8.5
227,HLA-A0201,LTPVGRLIT,LTPVGRLIT,0,0,0,0,0,LTPVGRLIT,Sequence,0.05,29186.19,45
228,HLA-A0201,TPVGRLITA,TPVGRLITA,0,0,0,0,0,TPVGRLITA,Sequence,0.078,21524.32,30
229,HLA-A0201,PVGRLITAN,PVGRLITAN,0,0,0,0,0,PVGRLITAN,Sequence,0.021,39768.11,85
230,HLA-A0201,VGRLITANP,VGRLITANP,0,0,0,0,0,VGRLITANP,Sequence,0.043,31481.89,55
231,HLA-A0201,GRLITANPV,GRLITANPV,0,0,0,0,0,GRLITANPV,Sequence,0.113,14737.33,21
232,HLA-A0201,RLITANPVI,RLITANPVI,0,0,0,0,0,RLITANPVI,Sequence,0.583,91.36,1.00 <= WB
233,HLA-A0201,LITANPVIT,LITANPVIT,0,0,0,0,0,LITANPVIT,Sequence,0.101,16822.55,23
234,HLA-A0201,ITANPVITE,ITANPVITE,0,0,0,0,0,ITANPVITE,Sequence,0.051,28664.81,43
235,HLA-A0201,TANPVITES,TANPVITES,0,0,0,0,0,TANPVITES,Sequence,0.062,25665.19,37
236,HLA-A0201,ANPVITEST,ANPVITEST,0,0,0,0,0,ANPVITEST,Sequence,0.037,33563.66,60
237,HLA-A0201,NPVITESTE,NPVITESTE,0,0,0,0,0,NPVITESTE,Sequence,0.017,41422.02,90
238,HLA-A0201,PVITESTEN,PVITESTEN,0,0,0,0,0,PVITESTEN,Sequence,0.01,44635.23,99
239,HLA-A0201,VITESTENS,VITESTENS,0,0,0,0,0,VITESTENS,Sequence,0.062,25438.47,36
240,HLA-A0201,ITESTENSK,ITESTENSK,0,0,0,0,0,ITESTENSK,Sequence,0.023,39077.99,80
241,HLA-A0201,TESTENSKM,TESTENSKM,0,0,0,0,0,TESTENSKM,Sequence,0.016,41888.05,90
242,HLA-A0201,ESTENSKMM,ESTENSKMM,0,0,0,0,0,ESTENSKMM,Sequence,0.022,39268.73,80
243,HLA-A0201,STENSKMML,STENSKMML,0,0,0,0,0,STENSKMML,Sequence,0.09,18928.66,26
244,HLA-A0201,TENSKMMLE,TENSKMMLE,0,0,0,0,0,TENSKMMLE,Sequence,0.024,38488,80
245,HLA-A0201,ENSKMMLEL,ENSKMMLEL,0,0,0,0,0,ENSKMMLEL,Sequence,0.047,29945.27,47
246,HLA-A0201,NSKMMLELD,NSKMMLELD,0,0,0,0,0,NSKMMLELD,Sequence,0.04,32605.44,55
247,HLA-A0201,SKMMLELDP,SKMMLELDP,0,0,0,0,0,SKMMLELDP,Sequence,0.039,32888.54,55
248,HLA-A0201,KMMLELDPP,KMMLELDPP,0,0,0,0,0,KMMLELDPP,Sequence,0.281,2387.71,6.5
249,HLA-A0201,MMLELDPPF,MMLELDPPF,0,0,0,0,0,MMLELDPPF,Sequence,0.661,39.28,0.50 <= SB
250,HLA-A0201,MLELDPPFG,MLELDPPFG,0,0,0,0,0,MLELDPPFG,Sequence,0.155,9311.76,15
251,HLA-A0201,LELDPPFGD,LELDPPFGD,0,0,0,0,0,LELDPPFGD,Sequence,0.023,38816.29,80
252,HLA-A0201,ELDPPFGDS,ELDPPFGDS,0,0,0,0,0,ELDPPFGDS,Sequence,0.049,29554.82,46
253,HLA-A0201,LDPPFGDSY,LDPPFGDSY,0,0,0,0,0,LDPPFGDSY,Sequence,0.034,34687.51,65
254,HLA-A0201,DPPFGDSYI,DPPFGDSYI,0,0,0,0,0,DPPFGDSYI,Sequence,0.022,39378.49,80
255,HLA-A0201,PPFGDSYIV,PPFGDSYIV,0,0,0,0,0,PPFGDSYIV,Sequence,0.051,28720.38,43
256,HLA-A0201,PFGDSYIVI,PFGDSYIVI,0,0,0,0,0,PFGDSYIVI,Sequence,0.041,32145.88,55
257,HLA-A0201,FGDSYIVIG,FGDSYIVIG,0,0,0,0,0,FGDSYIVIG,Sequence,0.08,21024.39,29
258,HLA-A0201,GDSYIVIGV,GDSYIVIGV,0,0,0,0,0,GDSYIVIGV,Sequence,0.141,10896.79,16
259,HLA-A0201,DSYIVIGVG,DSYIVIGVG,0,0,0,0,0,DSYIVIGVG,Sequence,0.066,24455.81,35
260,HLA-A0201,SYIVIGVGD,SYIVIGVGD,0,0,0,0,0,SYIVIGVGD,Sequence,0.043,31441.39,55
261,HLA-A0201,YIVIGVGDK,YIVIGVGDK,0,0,0,0,0,YIVIGVGDK,Sequence,0.069,23598.79,33
262,HLA-A0201,IVIGVGDKK,IVIGVGDKK,0,0,0,0,0,IVIGVGDKK,Sequence,0.044,31199.43,50
263,HLA-A0201,VIGVGDKKI,VIGVGDKKI,0,0,0,0,0,VIGVGDKKI,Sequence,0.065,24853.27,35
264,HLA-A0201,IGVGDKKIT,IGVGDKKIT,0,0,0,0,0,IGVGDKKIT,Sequence,0.013,43351.09,95
265,HLA-A0201,GVGDKKITH,GVGDKKITH,0,0,0,0,0,GVGDKKITH,Sequence,0.022,39497.54,80
266,HLA-A0201,VGDKKITHH,VGDKKITHH,0,0,0,0,0,VGDKKITHH,Sequence,0.025,38236.47,75
267,HLA-A0201,GDKKITHHW,GDKKITHHW,0,0,0,0,0,GDKKITHHW,Sequence,0.027,37244.66,75
-----------------------------------------------------------------------------------,,,,,,,,,,,,,
Protein Sequence. Allele HLA-A0201. Number of high binders 2. Number of weak binders 2. Number of peptides 268,,,,,,,,,,,,,
Link to Allele Frequencies in Worldwide Populations HLA-A0201,,,,,,,,,,,,,